tests/candidate-bus-wave8.mjs	0	13	0	1
tests/cap-remediation-consolidation-identity.test.mjs	0	2	0	0
tests/cap-remediation-context-ranking.test.mjs	0	7	0	0
tests/cap-remediation-jev-deferral.test.mjs	0	7	0	0
tests/cap-remediation-lore-depth.test.mjs	0	4	0	0
tests/cap-remediation-lore-representation.test.mjs	0	4	0	5
tests/cap-remediation-lore-study.test.mjs	0	10	0	8
tests/cap-remediation-memory-bridge.test.mjs	0	6	0	0
tests/candidate-bus-wave8-stress.mjs	0	1	0	25
tests/cap-remediation-memory-hierarchy.test.mjs	0	2	0	27
tests/cap-remediation-memory-journals.test.mjs	0	1	0	0
tests/cap-remediation-memory-segments.test.mjs	0	8	0	0
tests/cap-remediation-memory-vectors.test.mjs	0	7	0	1
tests/cap-remediation-retrieval.test.mjs	0	4	0	1
tests/cap-remediation-scene-narrative.test.mjs	0	7	0	1
tests/cap-remediation-sparse-working-set.test.mjs	0	2	0	0
tests/cap-remediation-turn-identity.test.mjs	0	4	0	3
tests/client-repair-wave2.test.mjs	0	5	0	1
tests/cognitive-audit-stress.mjs	0	1	0	1
tests/cognitive-audit-wave2.mjs	0	19	0	1
tests/cognitive-choice-wave9-stress.mjs	0	1	0	1
tests/cognitive-choice-wave9.mjs	0	5	0	0
tests/cognitive-core.mjs	0	10	0	1
tests/context-closure-wave3.mjs	0	14	0	1
tests/coprocessor-phase1-closure.test.mjs	0	18	0	0
tests/coprocessor-runtime-integration-stress.test.mjs	0	3	0	1
tests/coprocessor-runtime-integration.test.mjs	0	32	0	0
tests/coprocessor-stress.test.mjs	0	2	0	0
tests/coprocessor-wave1.test.mjs	0	40	0	1
tests/coprocessor-wave10-browser.test.mjs	0	2	0	0
tests/coprocessor-wave10-corpus.test.mjs	0	3	0	0
tests/coprocessor-wave10-provider.test.mjs	0	7	0	1
tests/coprocessor-wave11-browser.test.mjs	0	1	0	0
tests/coprocessor-wave11-evaluation.test.mjs	0	2	0	1
tests/coprocessor-wave11-fallback.test.mjs	0	5	0	0
tests/coprocessor-wave11-native.test.mjs	0	6	0	0
tests/coprocessor-wave12-browser.test.mjs	0	1	0	1
tests/coprocessor-wave12-evaluation.test.mjs	0	2	0	0
tests/coprocessor-wave12-stress.test.mjs	0	2	0	0
tests/coprocessor-wave12-warmer.test.mjs	0	10	0	1
tests/coprocessor-wave13-browser.test.mjs	0	1	0	0
tests/coprocessor-wave13-choice.test.mjs	0	12	0	0
tests/coprocessor-wave13-evaluation.test.mjs	0	2	0	0
tests/coprocessor-wave13-stress.test.mjs	0	4	0	3
tests/coprocessor-wave14-browser.test.mjs	0	1	0	0
tests/coprocessor-wave14-connections.test.mjs	0	9	0	3
tests/coprocessor-wave14-evaluation.test.mjs	0	2	0	1
tests/coprocessor-wave15-browser.test.mjs	0	2	0	0
tests/coprocessor-wave15-evaluation.test.mjs	0	2	0	1
tests/coprocessor-wave15-native-swarm.test.mjs	0	12	0	0
tests/coprocessor-wave16-browser.test.mjs	0	2	0	1
tests/coprocessor-wave16-evaluation.test.mjs	0	1	0	0
tests/coprocessor-wave16-resource-jev.test.mjs	0	9	0	1
tests/coprocessor-wave17-browser-fetch.test.mjs	0	5	0	0
tests/cap-remediation-memory-journal.test.mjs	0	3	0	44
tests/coprocessor-wave17-evaluation.test.mjs	0	1	0	0
tests/coprocessor-wave17-owner-handoff.test.mjs	0	7	0	0
tests/coprocessor-wave17-ui-contract.test.mjs	0	3	0	1
tests/coprocessor-wave18-acceptance.test.mjs	0	5	0	1
tests/coprocessor-wave18-browser.test.mjs	0	2	0	0
tests/coprocessor-wave18-stress.test.mjs	0	3	0	0
tests/coprocessor-wave19-standing-wiring.test.mjs	0	5	0	0
tests/coprocessor-wave2.test.mjs	0	30	0	1
tests/coprocessor-wave20-backend-closure.test.mjs	0	8	0	0
tests/coprocessor-wave2-stress.test.mjs	0	1	0	1
tests/coprocessor-wave3.test.mjs	0	46	0	0
tests/coprocessor-wave3-stress.test.mjs	0	6	0	1
tests/coprocessor-wave4.test.mjs	0	39	0	0
tests/coprocessor-wave5-stress.test.mjs	0	1	0	2
tests/coprocessor-wave5.test.mjs	0	24	0	1
tests/coprocessor-wave6-consolidation.test.mjs	0	18	0	0
tests/coprocessor-wave6-golden.test.mjs	0	3	0	0
tests/coprocessor-wave6-green-room.test.mjs	0	13	0	1
tests/coprocessor-wave4-stress.test.mjs	0	3	0	6
tests/coprocessor-wave7-adaptive-retrieval.test.mjs	0	18	0	0
tests/coprocessor-wave7-authority.test.mjs	0	11	0	1
tests/coprocessor-wave7-golden.test.mjs	0	6	0	0
tests/coprocessor-wave7-historian.test.mjs	0	21	0	0
tests/coprocessor-wave7-stress.test.mjs	0	1	0	1
tests/coprocessor-wave8-authority.test.mjs	0	7	0	0
tests/coprocessor-wave8-golden.test.mjs	0	16	0	0
tests/coprocessor-wave8-jev.test.mjs	0	17	0	0
tests/coprocessor-wave8-stress.test.mjs	0	6	0	2
tests/coprocessor-wave9-authority.test.mjs	0	7	0	0
tests/coprocessor-wave9-browser.test.mjs	0	2	0	0
tests/coprocessor-wave9-cross-domain.test.mjs	0	12	0	1
tests/coprocessor-wave9-lore.test.mjs	0	6	0	0
tests/coprocessor-wave9-retrieval-truth.test.mjs	0	7	0	0
tests/coprocessor-wave9-scene.test.mjs	0	7	0	1
tests/coprocessor-wave9-stress.test.mjs	0	1	0	3
tests/delivery-learning-stress.mjs	0	1	0	3
tests/demo-visibility.test.mjs	0	8	0	0
tests/deployment-brain.integration.test.mjs	0	13	0	3
tests/deployment-install-contract.test.mjs	0	5	0	0
tests/coprocessor-wave6-stress.test.mjs	0	1	0	16
tests/deployment-styles.test.mjs	0	1	0	1
tests/framework-wave1.mjs	0	21	0	0
tests/generation-diagnostics-repairs.test.mjs	0	3	0	0
tests/deployment-live-host.test.mjs	0	16	0	2
tests/hot-cognition-wave7.mjs	0	10	0	0
tests/integration-wave4-stress.mjs	0	1	0	1
tests/integration-wave4.mjs	0	21	0	0
tests/knowledge-wave5-stress.mjs	0	1	0	1
tests/knowledge-wave5.mjs	0	13	0	0
tests/live-scene-graph-repair.test.mjs	0	5	0	1
tests/hot-cognition-wave7-stress.mjs	0	1	0	5
tests/lore-browser-safe.mjs	0	1	0	1
tests/lore-jev-owner-review.test.mjs	0	2	0	0
tests/lore-assembly-integration.test.mjs	0	5	0	2
tests/lore-wave1.mjs	0	13	0	0
tests/lore-wave2-stress.mjs	0	1	0	3
tests/lore-wave2.mjs	0	20	0	0
tests/lore-wave1-stress.mjs	0	1	0	11
tests/lore-wave3.mjs	0	14	0	2
tests/lore-wave4.mjs	0	6	0	0
tests/lore-wave5.mjs	0	5	0	1
tests/lore-wave6.mjs	0	7	0	4
tests/lore-wave3-stress.mjs	0	1	0	39
tests/lore-wave7.mjs	0	9	0	3
tests/main-owner-integration.test.mjs	0	4	0	0
tests/memory-browser-safe.mjs	0	1	0	1
tests/memory-cognition-completion.test.mjs	0	11	0	1
tests/memory-wave1-stress.mjs	0	1	0	11
tests/memory-wave1.mjs	0	16	0	0
tests/lore-wave7-stress.mjs	0	1	0	42
tests/memory-wave2.mjs	0	9	0	1
tests/memory-wave2-stress.mjs	0	1	0	4
tests/memory-wave3.mjs	0	14	0	0
tests/memory-wave3-stress.mjs	0	1	0	5
tests/memory-wave4.mjs	0	11	0	0
tests/native-brain-identity-retrieval.mjs	0	7	0	1
tests/native-brain.mjs	0	17	0	2
tests/openrouter-jev-decisions.test.mjs	0	6	0	0
tests/owner-graph-revision-cache.test.mjs	0	3	0	0
tests/memory-wave4-stress.mjs	0	1	0	7
tests/repair-followup-budget-partial-fit.test.mjs	0	2	0	2
tests/repair-followup-hash-equivalence.test.mjs	0	2	0	0
tests/repair-followup-identity-isolation.test.mjs	0	3	0	2
tests/repair-followup-index-wiring.test.mjs	0	1	0	1
tests/repair-followup-brain-snapshot-parts.test.mjs	0	8	0	6
tests/repair-followup-ledger-flush.test.mjs	0	2	0	0
tests/repair-followup-lore-chat-authorization.test.mjs	0	4	0	2
tests/repair-followup-lore-runtime-batch.test.mjs	0	9	0	5
tests/repair-followup-lore-temporal-generic.test.mjs	0	14	0	1
tests/repair-followup-lore-temporal-installed.test.mjs	0	6	0	3
tests/repair-followup-lore-temporal-rules.test.mjs	0	9	0	0
tests/repair-followup-installed-persistence.test.mjs	0	13	0	19
tests/repair-followup-native-jev-advisory.test.mjs	0	20	0	9
tests/repair-followup-read-costs.test.mjs	0	3	0	2
tests/repair-followup-resource-class.test.mjs	0	3	0	0
tests/repair-followup-scene-reasoning-cap.test.mjs	0	3	0	0
tests/repair-followup-storage-adapter.test.mjs	0	20	0	0
tests/repair-wave0-atmosphere.test.mjs	0	3	0	1
tests/repair-followup-post-response-defer.test.mjs	0	3	0	4
tests/repair-wave1-generation-lifecycle.test.mjs	0	8	0	2
tests/repair-wave2-turn-retention.test.mjs	0	1	0	72
tests/repair-wave3-host-revisions.test.mjs	0	6	0	2
tests/repair-wave4-deterministic-scene.test.mjs	0	5	0	1
tests/repair-wave4-scene-resource.test.mjs	0	4	0	5
tests/repair-wave5-graph-identity.test.mjs	0	6	0	1
tests/repair-wave6-lore-study-cost.test.mjs	0	2	0	1
tests/repair-wave7-reload-persistence.test.mjs	0	2	0	2
tests/retrieval-channel-performance.test.mjs	0	1	0	0
tests/runtime-fabric.mjs	0	1	0	1
tests/runtime-stress.mjs	0	1	0	3
tests/runtime-wave2-stress.mjs	0	1	0	34
tests/runtime-wave2.mjs	0	1	0	0
tests/runtime-wave3-browser.mjs	0	1	0	1
tests/runtime-wave3-stress.mjs	0	1	0	1
tests/runtime-wave3.mjs	0	1	0	5
tests/scene-adaptive-output-budget.test.mjs	0	8	0	1
tests/scene-advanced-scanner-ops.mjs	0	7	0	1
tests/scene-async-runtime-lifecycle.mjs	0	10	0	1
tests/scene-atmosphere-production.mjs	0	5	0	1
tests/scene-browser-compat.mjs	0	1	0	0
tests/scene-clapperboard-handoff.mjs	0	13	0	2
tests/scene-completion-wave4-gaps.mjs	0	5	0	0
tests/scene-completion-wave4-stress.mjs	0	2	0	2
tests/scene-completion-wave4.mjs	0	10	0	0
tests/scene-core-integration-wave10.mjs	0	9	0	0
tests/scene-core.mjs	0	24	0	0
tests/scene-diagnostics-repair.test.mjs	0	5	0	1
tests/scene-ft002-host-e2e.mjs	0	4	0	1
tests/scene-golden.mjs	0	10	0	0
tests/scene-host-feed.mjs	0	16	0	0
tests/scene-stress.mjs	0	1	0	2
tests/scene-wave2-browser-runtime.mjs	0	1	0	0
tests/scene-wave2-golden.mjs	0	7	0	0
tests/scene-wave2-stress.mjs	0	1	0	5
tests/scene-wave2.mjs	0	27	0	0
tests/scene-wave3-browser-runtime.mjs	0	1	0	0
tests/scene-wave3-preflight.mjs	0	13	0	0
tests/scene-wave3-stress.mjs	0	1	0	265
tests/scene-wave3.mjs	0	27	0	0
tests/syntax.mjs	0	1	0	10
tests/turn-log-diagnostics.test.mjs	0	12	0	0
tests/ui-core.test.mjs	0	16	0	1
tests/vectoring-causal-telemetry.test.mjs	0	6	0	0
tests/wave10-stress.mjs	0	1	0	20
tests/wave10.test.mjs	0	11	0	1
tests/repair-wave2-long-session.test.mjs	0	2	0	471
tests/wave11-live-bindings.test.mjs	0	14	0	1
tests/wave12-sillytavern-host-stress.mjs	0	1	0	2
tests/wave12-sillytavern-host.test.mjs	0	20	0	0
tests/wave13-operator-ui-stress.mjs	0	1	0	3
tests/wave13-operator-ui.test.mjs	0	67	0	1
tests/wave2.mjs	0	12	0	1
tests/wave2.test.mjs	0	16	0	0
tests/wave3.mjs	0	19	0	1
tests/wave3.test.mjs	0	26	0	0
tests/wave4.mjs	0	16	0	1
tests/wave4.test.mjs	0	20	0	0
tests/wave5.test.mjs	0	24	0	1
tests/wave6-integration-stress.mjs	0	1	0	1
tests/wave6-integration.mjs	0	6	0	1
tests/wave6-stress.mjs	0	1	0	0
tests/wave6.test.mjs	0	39	0	1
tests/wave7.test.mjs	0	35	0	0
tests/wave8-stress.mjs	0	1	0	25
tests/wave8.test.mjs	0	46	0	1
tests/wave9-fixtures.mjs	0	1	0	0
tests/wave9-stress.mjs	0	1	0	3
tests/wave9.test.mjs	0	19	0	1
tests/worker1-brain-context-delivery-completion.mjs	0	11	0	1
tests/worker1-brain-execution-eligibility-background.test.mjs	0	4	0	1
tests/worker1-brain-lifecycle-causal-wave.mjs	0	25	0	1
tests/worker1-client-repair-wave1.mjs	0	3	0	1
tests/worker1-context-trust-delivery.mjs	0	4	0	0
tests/worker1-generation-performance-wiring.mjs	0	7	0	1
tests/worker1-identity-temporal-closure.mjs	0	4	0	0
tests/worker1-scene-cognition-integration.mjs	0	10	0	1
tests/worker1-scene-event-spine.mjs	0	8	0	1
tests/worker1-scene-ft002-assembly.mjs	0	4	0	1
tests/worker1-scene-graph-temporal-adjacency.mjs	0	7	0	1
tests/worker1-scene-prefetch-trigger.mjs	0	14	0	1
tests/worker1-sensory-hot-closure.mjs	0	6	0	1
tests/worker1-speculative-warmer-installed.test.mjs	0	9	0	3
tests/worker2-layered-scatter-jev.test.mjs	0	13	0	0
tests/worker2-memory-execution.test.mjs	0	7	0	1
tests/worker2-memory-plasticity-bounds.test.mjs	0	1	0	0
tests/worker2-memory-retrieval-feedback.test.mjs	0	5	0	1
tests/worker2-scene-memory-lifecycle.test.mjs	0	7	0	0
tests/worker3-brain-decision-visibility.test.mjs	0	8	0	1
tests/worker3-brain-retrieval-completion.mjs	0	14	0	1
tests/worker3-brain-trace-ui.test.mjs	0	4	0	0
tests/worker3-browser-load-benchmark.mjs	0	1	0	0
tests/worker3-generation-profiling-ui.test.mjs	0	6	0	0
tests/worker3-lore-mutation-owner-integration.test.mjs	0	2	0	1
tests/worker3-lore-neural-ui.test.mjs	0	21	0	1
tests/worker3-lore-review-ui.test.mjs	0	8	0	0
tests/worker3-operator-truth-closure.test.mjs	0	7	0	0
tests/worker3-ui-load-probe.mjs	0	1	0	4
tests/worker4-causal-telemetry-report.test.mjs	0	9	0	0
tests/worker4-jev211-repro.test.mjs	0	5	0	0
tests/worker4-lore-authoring-owner.test.mjs	0	11	0	2
tests/worker4-lore-hierarchy-evidence.test.mjs	0	9	0	9
tests/worker4-lore-readiness.test.mjs	0	23	0	15
tests/worker4-lore190-repro.test.mjs	0	2	0	0
tests/worker4-scene-lore-handoff.test.mjs	0	8	0	1
tests/worker4-selected-turn-graph-ui.test.mjs	0	2	0	1
tests/worker4-structured-world-state-graph.mjs	0	6	0	0
tests/workers-1-4-integration.test.mjs	0	1	0	1
tests/wave11-live-bindings-stress.mjs	0	1	0	255
DONE
