candidate-bus-wave8.mjs	0	1
client-repair-wave2.test.mjs	0	1
cognitive-audit-stress.mjs	0	2
cognitive-audit-wave2.mjs	0	1
cognitive-choice-wave9-stress.mjs	0	1
cognitive-choice-wave9.mjs	0	1
cognitive-core.mjs	0	1
context-closure-wave3.mjs	0	1
coprocessor-phase1-closure.test.mjs	0	0
coprocessor-runtime-integration-stress.test.mjs	0	1
coprocessor-runtime-integration.test.mjs	0	0
coprocessor-stress.test.mjs	0	1
coprocessor-wave1.test.mjs	0	0
coprocessor-wave10-browser.test.mjs	0	1
coprocessor-wave10-corpus.test.mjs	0	0
coprocessor-wave10-provider.test.mjs	0	0
coprocessor-wave11-browser.test.mjs	0	1
coprocessor-wave11-evaluation.test.mjs	0	0
coprocessor-wave11-fallback.test.mjs	0	1
coprocessor-wave11-native.test.mjs	0	0
coprocessor-wave12-browser.test.mjs	0	0
coprocessor-wave12-evaluation.test.mjs	0	1
coprocessor-wave12-stress.test.mjs	0	0
coprocessor-wave12-warmer.test.mjs	0	1
coprocessor-wave13-browser.test.mjs	0	0
coprocessor-wave13-choice.test.mjs	0	1
coprocessor-wave13-evaluation.test.mjs	0	0
coprocessor-wave13-stress.test.mjs	0	3
coprocessor-wave14-browser.test.mjs	0	0
coprocessor-wave14-connections.test.mjs	0	4
coprocessor-wave14-evaluation.test.mjs	0	1
coprocessor-wave15-browser.test.mjs	0	0
coprocessor-wave15-evaluation.test.mjs	0	0
coprocessor-wave15-native-swarm.test.mjs	0	1
coprocessor-wave16-browser.test.mjs	0	0
coprocessor-wave16-evaluation.test.mjs	0	1
coprocessor-wave16-resource-jev.test.mjs	0	0
coprocessor-wave17-browser-fetch.test.mjs	0	1
coprocessor-wave17-evaluation.test.mjs	0	0
coprocessor-wave17-owner-handoff.test.mjs	0	1
coprocessor-wave17-ui-contract.test.mjs	0	0
coprocessor-wave18-acceptance.test.mjs	0	1
coprocessor-wave18-browser.test.mjs	0	0
coprocessor-wave18-stress.test.mjs	0	0
coprocessor-wave19-standing-wiring.test.mjs	0	0
coprocessor-wave2-stress.test.mjs	0	2
coprocessor-wave2.test.mjs	0	0
coprocessor-wave20-backend-closure.test.mjs	0	0
coprocessor-wave3-stress.test.mjs	0	1
coprocessor-wave3.test.mjs	0	1
candidate-bus-wave8-stress.mjs	0	34
coprocessor-wave4.test.mjs	0	0
coprocessor-wave5-stress.test.mjs	0	3
coprocessor-wave5.test.mjs	0	1
coprocessor-wave6-consolidation.test.mjs	0	0
coprocessor-wave6-golden.test.mjs	0	1
coprocessor-wave6-green-room.test.mjs	0	0
coprocessor-wave4-stress.test.mjs	0	8
coprocessor-wave7-adaptive-retrieval.test.mjs	0	0
coprocessor-wave7-authority.test.mjs	0	0
coprocessor-wave7-golden.test.mjs	0	1
coprocessor-wave7-historian.test.mjs	0	0
coprocessor-wave7-stress.test.mjs	0	1
coprocessor-wave8-authority.test.mjs	0	0
coprocessor-wave8-golden.test.mjs	0	1
coprocessor-wave8-jev.test.mjs	0	0
coprocessor-wave8-stress.test.mjs	0	2
coprocessor-wave9-authority.test.mjs	0	0
coprocessor-wave9-browser.test.mjs	0	1
coprocessor-wave9-cross-domain.test.mjs	0	0
coprocessor-wave9-lore.test.mjs	0	0
coprocessor-wave9-retrieval-truth.test.mjs	0	1
coprocessor-wave9-scene.test.mjs	0	0
coprocessor-wave9-stress.test.mjs	0	5
delivery-learning-stress.mjs	0	3
demo-visibility.test.mjs	0	0
deployment-brain.integration.test.mjs	0	4
deployment-install-contract.test.mjs	0	1
coprocessor-wave6-stress.test.mjs	0	24
deployment-styles.test.mjs	0	0
deployment-live-host.test.mjs	0	2
generation-diagnostics-repairs.test.mjs	0	0
framework-wave1.mjs	0	0
hot-cognition-wave7.mjs	0	1
integration-wave4-stress.mjs	0	1
integration-wave4.mjs	0	1
knowledge-wave5-stress.mjs	0	2
knowledge-wave5.mjs	0	0
live-scene-graph-repair.test.mjs	0	1
lore-assembly-integration.test.mjs	0	2
lore-browser-safe.mjs	0	0
hot-cognition-wave7-stress.mjs	0	8
lore-jev-owner-review.test.mjs	0	1
lore-wave1.mjs	0	0
lore-wave2-stress.mjs	0	4
lore-wave2.mjs	0	1
lore-wave1-stress.mjs	0	15
lore-wave3.mjs	0	2
lore-wave4.mjs	0	0
lore-wave5.mjs	0	1
lore-wave6.mjs	0	6
lore-wave3-stress.mjs	0	44
lore-wave7.mjs	0	4
main-owner-integration.test.mjs	0	0
memory-browser-safe.mjs	0	0
memory-cognition-completion.test.mjs	0	3
lore-wave7-stress.mjs	0	48
memory-wave1.mjs	0	0
memory-wave1-stress.mjs	0	19
memory-wave2.mjs	0	0
memory-wave2-stress.mjs	0	10
memory-wave3.mjs	0	0
memory-wave3-stress.mjs	0	17
memory-wave4.mjs	0	0
native-brain-identity-retrieval.mjs	0	2
native-brain.mjs	0	2
openrouter-jev-decisions.test.mjs	0	0
owner-graph-revision-cache.test.mjs	0	1
memory-wave4-stress.mjs	0	17
repair-followup-identity-isolation.test.mjs	0	2
repair-followup-index-wiring.test.mjs	0	1
repair-followup-brain-snapshot-parts.test.mjs	0	10
repair-followup-lore-runtime-batch.test.mjs	0	6
repair-followup-lore-temporal-generic.test.mjs	0	0
repair-followup-lore-temporal-installed.test.mjs	0	6
repair-followup-lore-temporal-rules.test.mjs	0	0
repair-followup-native-jev-advisory.test.mjs	0	9
repair-followup-post-response-defer.test.mjs	0	5
repair-followup-installed-persistence.test.mjs	0	34
repair-followup-resource-class.test.mjs	0	0
repair-followup-storage-adapter.test.mjs	0	1
repair-followup-read-costs.test.mjs	0	3
repair-wave0-atmosphere.test.mjs	0	0
repair-wave1-generation-lifecycle.test.mjs	0	2
repair-wave2-turn-retention.test.mjs	0	171
repair-wave3-host-revisions.test.mjs	0	2
repair-wave4-deterministic-scene.test.mjs	0	1
repair-wave4-scene-resource.test.mjs	0	6
repair-wave5-graph-identity.test.mjs	0	1
repair-wave6-lore-study-cost.test.mjs	0	2
repair-wave7-reload-persistence.test.mjs	0	3
retrieval-channel-performance.test.mjs	0	0
runtime-fabric.mjs	0	1
runtime-stress.mjs	0	4
runtime-wave2-stress.mjs	0	44
runtime-wave2.mjs	0	0
runtime-wave3-browser.mjs	0	0
runtime-wave3-stress.mjs	0	2
runtime-wave3.mjs	0	5
scene-adaptive-output-budget.test.mjs	0	0
scene-advanced-scanner-ops.mjs	0	1
scene-async-runtime-lifecycle.mjs	0	2
scene-atmosphere-production.mjs	0	1
scene-browser-compat.mjs	0	0
scene-clapperboard-handoff.mjs	0	3
scene-completion-wave4-gaps.mjs	0	0
scene-completion-wave4-stress.mjs	0	1
scene-completion-wave4.mjs	0	1
scene-core-integration-wave10.mjs	0	0
scene-core.mjs	0	0
scene-diagnostics-repair.test.mjs	0	1
scene-ft002-host-e2e.mjs	0	1
scene-golden.mjs	0	0
scene-host-feed.mjs	0	1
scene-stress.mjs	0	1
scene-wave2-browser-runtime.mjs	0	1
scene-wave2-golden.mjs	0	0
scene-wave2-stress.mjs	0	6
scene-wave2.mjs	0	0
scene-wave3-browser-runtime.mjs	0	0
scene-wave3-preflight.mjs	0	1
scene-wave3-stress.mjs	0	340
scene-wave3.mjs	0	0
syntax.mjs	0	9
turn-log-diagnostics.test.mjs	0	1
ui-core.test.mjs	0	0
vectoring-causal-telemetry.test.mjs	0	1
wave10-stress.mjs	0	25
wave10.test.mjs	0	1
wave11-live-bindings-stress.mjs	0	350
wave11-live-bindings.test.mjs	0	0
wave12-sillytavern-host-stress.mjs	0	2
wave12-sillytavern-host.test.mjs	0	1
wave13-operator-ui-stress.mjs	0	3
wave13-operator-ui.test.mjs	0	1
wave2.mjs	0	1
wave2.test.mjs	0	0
wave3.mjs	0	1
wave3.test.mjs	0	1
wave4.mjs	0	1
wave4.test.mjs	0	0
wave5.test.mjs	0	1
wave6-integration-stress.mjs	0	2
wave6-integration.mjs	0	1
wave6-stress.mjs	0	0
wave6.test.mjs	0	1
wave7.test.mjs	0	1
repair-wave2-long-session.test.mjs	0	1038
wave8.test.mjs	0	1
wave9-fixtures.mjs	0	0
wave9-stress.mjs	0	4
wave9.test.mjs	0	0
wave8-stress.mjs	0	35
worker1-brain-context-delivery-completion.mjs	0	1
worker1-brain-lifecycle-causal-wave.mjs	0	1
worker1-brain-execution-eligibility-background.test.mjs	0	1
worker1-client-repair-wave1.mjs	0	1
worker1-context-trust-delivery.mjs	0	1
worker1-generation-performance-wiring.mjs	0	0
worker1-identity-temporal-closure.mjs	0	0
worker1-scene-event-spine.mjs	0	1
worker1-scene-cognition-integration.mjs	0	2
worker1-scene-graph-temporal-adjacency.mjs	0	1
worker1-scene-ft002-assembly.mjs	0	2
worker1-scene-prefetch-trigger.mjs	0	1
worker1-sensory-hot-closure.mjs	0	1
worker2-layered-scatter-jev.test.mjs	0	1
worker2-memory-execution.test.mjs	0	0
worker2-memory-plasticity-bounds.test.mjs	0	1
worker2-memory-retrieval-feedback.test.mjs	0	0
worker2-scene-memory-lifecycle.test.mjs	0	1
worker1-speculative-warmer-installed.test.mjs	0	4
worker3-brain-decision-visibility.test.mjs	0	1
worker3-brain-trace-ui.test.mjs	0	0
worker3-browser-load-benchmark.mjs	0	0
worker3-brain-retrieval-completion.mjs	0	1
worker3-generation-profiling-ui.test.mjs	0	1
worker3-lore-neural-ui.test.mjs	0	0
worker3-lore-review-ui.test.mjs	0	0
worker3-operator-truth-closure.test.mjs	0	1
worker3-lore-mutation-owner-integration.test.mjs	0	1
worker4-causal-telemetry-report.test.mjs	0	0
worker4-jev211-repro.test.mjs	0	1
worker4-lore-authoring-owner.test.mjs	0	2
worker3-ui-load-probe.mjs	0	4
worker4-lore-hierarchy-evidence.test.mjs	0	12
worker4-lore190-repro.test.mjs	0	0
worker4-scene-lore-handoff.test.mjs	0	1
worker4-selected-turn-graph-ui.test.mjs	0	1
worker4-structured-world-state-graph.mjs	0	0
workers-1-4-integration.test.mjs	0	1
worker4-lore-readiness.test.mjs	0	17
